insert into roles (id, rol) values (3, '93par5iogikkauoa ti4whvbxcgd4o7s0rrvv4lkx wrxw18wdjuluaieshfe6acx42nw 6hulajt6yylhei0co rsittrjef447');

insert into roles (id, rol) values (1, 'bi41jk5nw sei0tbvxa5u0nc5d891jsa4y2je4c1qyt34oqkh156j2b1oejs937rxvhxtawre71b07erng3sqi909nalmeqqqaku');

insert into roles (id, rol) values (2, '7050f67xp4dhperhdpfl8b7wq 1e7mbj17q7yuwjsxhlkigbf027gyqj5a53goiwsnjuofibw t ltf1yosgdm34km8e6qoj0 rm');

insert into tags (id, name, date, state) values (1, '5rspj43pubeqiu7s5hggmg5s20kxeg9crq uhm7m6wyg3ps56hsi c5uhjfd45tb5wsb0t8 kujulbvp9wo4sf568vlqk4wmwtw9', '1539-2-5', 'nd27i12gf14ek21bdo xurif4m ai2wo2y00ljuayvyya5u3jt3ul5y49vqmmuv7eeq9nvlmrhlkn9w28y32ixdjp0m00xvmqh4n');

insert into tags (id, name, date, state) values (3, 'xdaorcr91pm9hxw8k9nmxc9n2thii96bhs6jaxeoxovjr0f8aaq34msc9e8bcbnpddbjobdi5t4cxuc4am6j9mohawfbpdh5o4um', '867-5-5', '281iysph2avitbppfxih8spo1b7hpsqr322i3dlyybk93uax28e95qk 0b6x8oqcx4rq4o8dkuxp6bu 184s15k97hejpay4meat');

insert into tags (id, name, date, state) values (2, 'bmsq0ihjqfvde7ewohldl03ut01xtxiqi4vw6wr u2g1qri7mqes3btbs7rspcpwgh12swfjtaomxt8ga30035v5l4a2lsh6bkur', '451-12-4', 'cx912j3po822vk f 6nuqoihwjxs580xk3ycjfbpjw8h06e4gme7m0eg03r7e4hrxyar0r2n7fdisa0c974ptw3olha580cjy2to');

insert into users (id, rol_id, nif, email, password, name, subname, phone, location, postal_code, photo, date, state) values (3, 3, '2x1kph4ra', 'jesus@coowi.com', 'password', '9riml2xpg698v3a us1mccaxeuc3l10cwlncfkh4objmympctdd4qoqeahqfyhkgb 8bstppof6a 2d5a1rnbe12 mybim7175s6', 'xo32ffx evfr11lpjpfdbe42yh4shlk1pi9ycawwbxojbeycu602obqyb19v vhe1gtkev88at7akabet0a83wwatvg8lvuboiyo', '8cjlyoxabkp6vscgb72osesebqb7mvq3couymtmotmf6ox5jyy0kvir497qe s i81 fdhba7tm2scqe7xbi86tf2fwcbilgjq3r', 'inyxb9ac3puy8h2h3xxyvg14don0hrddxsnvy9ulmxn3deaymkkursfdgno4 uh6ro10nm2nenv0bnbplk6kp1 lafds1jm3j09 ', 'dhsb3', 'bby7qv8nvr7vw1q7v0s208tpa02p97vxc7tmltihk08mqm x591 hxxr62pobf9v6b 8op4mqwc1w3wo9flku9gfroqywjiuwnpf0o2666m2ucya 8ok4ake3unc0vrq6m2apoogayxb19xnqq8dfwrkvtq7mqfk3 xhukkx q 00jvygg 1w qw9c1nq95je vfm6l5oh729t3ejbf7p8jnykfdgmy087d477xxcju1do7g0lx92cg462htsr2hdpk8t705hmv5xj4oc2i87t3tpqn0xm k4uf4pqlw5w49lr smu2pc6bduy2m  l58jrr56newy5w0m9qdf72uq8lehp24lw52y1sgvh1tpbavbojpsea sbgrhcak1cpismiy1ocjjq8wv8d9auy5i93tkh0jwk4x2lw1s2179c9ub9n8nheo02rynfjclita9tk47s j1uhiibu914k29 v66av9fce07ysl785pgproaaom1b0', '1-1-1', 'p2tygp2yiv7qjuxx0atlkc8ax4cxjq0vxh2nb07e8xt5eijsfvaeqa5miy95o6host2j9egn4jaa7wdw8sdji8fj2mfjq4wainaj');

insert into users (id, rol_id, nif, email, password, name, subname, phone, location, postal_code, photo, date, state) values (1, 2, 's75q7bf60', 'pepe@coowi.com', 'password', 'wf n 1o2mj4wyyvhld  jb3pq9pyaa4shgew8pr05kpsj9o1is2v2hknomnp8fc4udwy tg8b3jnrxcwnbl3o10eubehvjscp 52', 'jpkf86b5hy3vqp1p8e5tck4n92indn275r9m0kpj73hdvodi9hr1tn32gd1uyov98cgkld7xitg8i6mtx8r06hej42t28ef38b4o', '9tuqom6iff7s6vsdp8pa tt66m5iy3ntubwcld8bhyk04ki2mwycdosdp1yu48cn8 v48d8fa3k36mwruuwxkadeg67bt99h25 o', 'i13b38vs n3203kynlo0h9aovi5dtetnbmv4etbov9c4y5wv29dgrb7m9s6u5bf1aw1a0j64 qllipigyalgum7mesn3665a6s3l', '7oh24', 'o5l2ywxmmqml46ghxm5qih7i9b9x2me02ip2a2 4sl3c5wk8o9g17kdw27pmv5giq1gqq8wa63up4e89brfjmi1o2iavufe16c86dfvq677vn6aiepmw2isb5l00dnwt0yqlt2xqatt9t5aikjuwh70vcu5gbderubwc8 t7 ojdblkgeo6g7lw3lg7u3n6eaqyy8f4qsilxb899ke1q85de0l2yov7w1hh42 5i8wgqj59drw3x0o6ulatoiub4sp7ngq2hxbvu6xa1o98ijgu5hht4ms2l9f9lo4q6g7uc2ft13jq0c4mor2rhjdug7n11i0trivpmg02wql36hpmhnsm7clrjg74bbmu4qi148e3rha3wkqn8bcmtmwrbtwgxxo0staqgrspe4cs7q0e9 991i5kw5dafq8dwk7yfwnibjckamv9lw2bopln3b93morpao63 40vlnw0jf fvd5xtew9ca0mg74ng 4x6d7y1df2f', '1446-3-24', 'rltxt5hqhqiblmlkn5h3q0dox162bjfouq23x6m883tnuuu3idj nxyg2p30iui82etp3v3p2ly89raxuoijy37sjf7pewujkkex');

insert into users (id, rol_id, nif, email, password, name, subname, phone, location, postal_code, photo, date, state) values (2, 1, 'krt mcjmn', 'sandra@coowi.com', 'password', 'eqmreissr6jgi4t4eypak6mc5ujswf4c 2nw1yn5w 5emtjrt6t ds4bqdpp7dr7rynifrvegx s8ybwcte5 6tddvue16bnk2pe', 'y03 mlrf2fgyh4yhfeecsu 32ey47r 21oskbcylvjrfq 0wllouiuiddb0wqbigxl1lwde bjruy6abn64nvi211kh4uy19nty9', ' ru qdqqmkkqr3mywpg ntrer4mnhj8a7o299tc8pthfa402s14 x3d8rs2o7cdwb27otshkqqtfxspjp6tejniol e9g4y4tvtu', 'pdmotp4uun3wvbq5i5ou5f6ajb9qbmaj8982h8 x3qllvcxcksalsxacwxesj4obf0q6jt2igl85kt3ksawa7y7q05e57h0o4c73', 'xucjb', 'uevepsel93hry2y0aoiicpea50p1o9xm6ne487ecmp52coeih2h9lntrgktpln3y6nhqchtk8ltpg4mdsfh6mhr3wiur3t9f5oifgowwf0yqbgg5t98ddo11is1masi5xhk70n342pou1q4kog8kslshxuhb8j5ex5imha77iqyhpv2h er7vkffbf0k2ysn171xeb8aomknfp2wxsudnqm3br8rxuaipml28cil19 1f0228qcr67cu7glv1wupvpejmyokjyi0veg83uwti v4ok9mkpv638hm4kmrqh9k0fryb wks on0h8ctr30cbm5ekhylx2c3kvv6lip4 n6018 0ike7jdn28q1rukpe7xsjdokqrtq1hs8g9irsv4buo31b57lakcopj77tvkeyf9dj9jmpo 0g1l5v87o3wvmlml9lwlh5 pdmlho4qw7najrmti787hxmm52c9sgjl0u3cisp8j38bhd82x43kf0rxym', '954-6-13', 'f2pdqsotna q9gaumj xnesu6dnikx0sph00rec5t37wkca81wfcs81giq7rd08t0rrkmw b 8g 3bpxo5aby e2g5rndxvwafij');

insert into rates (id, user1_id, user2_id, comment, rate, date, state) values (3, 2, 1, 'd3obwcp4abvj 6ce2bjf1n3uao0m45r3ayidtcxybrfe5p623py5lqyv9qtt m2kx9ytxlsfmwh7 2lu2mud74i07wtlov69d3x297btlswoeh5hwi4e2g2rw6b5u8clg9ge7f tcbkjqcs6bgtjnlc w7rle6bgr3j2bmwjuubai94ht6yxqgo1i8jykeg5qq65jekitj5flx8fp3lnb8xlv825somdhvio1f6np5yb37qd18uos7gturu vx67', 3, '1517-7-18', '1tqn4u8wmekt54jdrv1y4vhas397hkcv5jc2idqxpj7ry1ap2gi513 316wkfs2u4e6xgolsdjju7uni47cy6p2ryeg7jfwct64n');

insert into rates (id, user1_id, user2_id, comment, rate, date, state) values (1, 1, 1, '1wmlama8u3r8g5r4nbswos6622d8ub142unq0y528gleby0x6ql3wmin126i02o35equ7nf8ryhvn ob1hgymgglycue1m1ejy4k81ca1 ioqojef8l396ipu3 arkmsbg0fmlp6fktp3qujac90kxo6i66kdniceloya ra6giri elesp5jujjh44jbq9ndofgc0ec6 tl4djta78rhe7r65ibcvymopj78mxj85wt905t9x85y298o210ga9m', 1, '687-3-16', 'yxir60up9s6efx9gf9eh91d0ijxfbsq0u05yvutf8pfvonh6ixpduin6wu810b 8of9gl0qe160bxit1wjreydudyqy2l0e ual7');

insert into rates (id, user1_id, user2_id, comment, rate, date, state) values (2, 1, 3, '3svuol2k1grllvdv dm5quc8f972f n2bmt9cs9qftqvbb24nvrhaehog0y4ia2erkfyl3k3fu4dwsqeec4x1sjkkoksfbemx74sy3iew7bav1c ro7bo9bt0qvpcxdo6sdmbj3xi6nt0ygjvfhf731wtarin4b m9q4qbv7oqi cm36swhxusklt55q200955qxnhxalgcs99vcaysc4y84mryskxtqfoykpavlbml3d9v x5 7wdx3l57 fam0', 2, '957-6-23', 'slwpweimycbdxpg6nbt crge3fvunp3l5stel9o fjt2lx1gf3kmrjhkx8d5mnsmfp7v7icypk0a5jn5kv 41kgpmd4xroldbht4');

insert into petitions (id, user_id, title, description, creation_date, shell_by_date, location, budget, photo, state) values (3, 1, 'itr7 o5 es42lnqxo2kkt46b0xsntcadbf0q2r7naw1e 2ptldn1n7pbp6lknmx98vcf1mldw0cngpd6f84xbbd4kcl36f536lib', '9tb 8k2ioervjglopd23gc45h1yxcem7rp39hfj9wald8skmrw1rjq1b3m6 3mx6kfarcgfud714vha nu3sfsmt7mdhr9eg9eoi gqjffejepe2lnc99ed5brkcu5s1u nmgek8r2l2s orcgh71q1hcklkpfxlp794ro8ai185u14fy8wrr9hfmbu3lgvamx67rt5m6 jacyt yqn16pq6v0eyq trurty9r nqdg2u00v8fd833 f9k 78y38', '247-9-15', '596-4-14', '3fy3yeaq6q9xo3b44376dae09wby2nyfeyle wkmymr5t8hl5tx790hyd82qqhvwlmx55si64cq0qtxb3wek8gtwjkftvwb07ee8', 0, 'lo6hljp2u5dmltwlqqmkt0d4qthg942dvqs9 ki2by2ej5gulijvxt5aj8re8rd6lksi1i1n1581866rqpmlly0 cvj3vk6wcjgnnvyysr19tque8a6vft euxmkgp 5q87p5yl652satftu2iphfmrqntvas82i6km58v0lpn0w6o575wvp2ao89aeb yal2of11gugxfcdanjmbaic4mo64bf6ld53m1kx4de06hlkvbda9qkqv5hwi8c mwuo2d0ye0onqaqu4flenn5qy5cpojncfo82gp1q8lboqjv2liy8yolqer7 r63gsls1qbyed4jic8anavp nqbppuq5t7j ucpdvtaoyddkhnelllw131x2p26mq2x59frwl1rtlvc93btdaj4nh44unvhweghpy3ffn45j8yr4y39ykdp91rvj9g6fkbixeeuunhg59qins3oy1jk7r 87ktkrxyhnd5r42uuhg36d7p2eq7cxo6eg', '8j8c p4 p87yd3pm2jeabqhyw0a0xvypskem210tkb1pd873y7uhnchjx5we7or7n kxfmtu3pqced3wcvxqrv1n9 w7iqy853uy');

insert into petitions (id, user_id, title, description, creation_date, shell_by_date, location, budget, photo, state) values (1, 1, 'ad7so63w x2cakkqn934nd7ad6uihw d3g00e7 agc78o19ye207i0fb1m0owutlmi9rarexoseak33463dt0rycxtubj8q1yka7', 'x9b2cgehaymtjwl hy4ko0pnyq4s5sk4dugv0t5blm2myea6no 7uu1f4q1 2sss0j5m8jpulwb6rr6foq6jw5j ce6rjbq o3ckfnakwdv58f4c1t0v8304epv99if2n0q0vgangex7k58 pchi23d7he7qwqxwkmmcti9on3c2tyo11i6slvs540rexmkvf1xweows7dmjy4tmrag5xdjcctxju4sxr3a3o20qdyvdw76g2i6 2y0rjyogyg5i', '1328-4-23', '248-10-13', 'vxosq118lit2uv6ydfc7r5v6u a1hhk611dvq4p01vyn7mxmafndwk 9flfcrd9xwhiwx9v313uxu9gbyu utmh3ue0a5ub14jpd', 3, 'n8snouu11rrqq362lghto 3pkbcqqv0rtv413i jsl0er2ad35k3wwk6j24spph83atb4r924w9jw8jcj60fpl23ff9cbayxa9p4wcjb2ufqmax7h7xl621hgviig1hunfb9hfsm1b0ldclquq6bbh1tap7f0mair3sgua6qw 8senu8x19d1et7y0d9r t0pfyhun0 yb yyt6ki3bj6l99 mq6ddkxwca78eq9ukqu6p72qq6pg5d167leea9f7kxgqq xmqn62iqn4l8qidd9v4 7cir5uln5x7ixsolqlnnrm0nhwxm3pnjwl52bjnw6aiap9y0blt3cn67y0qm8spkqfjematri7sd8ax3qs1bvy a28y1 l2143c1clw13 a02krkuvkpfo70uu3p22alfogi9bk30vom78dxld0uifb3b wluioh164gqs508yur9siavt6g87m ipft5ldoejrmkoujv9 3b5neni7e7e5oj', '4sig w163ym4d6kv0q vrmoy2fawmxrerxk4ay f57kvur47i4ssurvpuyble5uoujyc679sm29cr44w f6psf6cac0ko1cg0rjs');

insert into petitions (id, user_id, title, description, creation_date, shell_by_date, location, budget, photo, state) values (2, 1, 'agh 2r532l9ua02hxb85j2coj8ybahlllhf7usvro27g69v1u7856wd2uwcdqjr3pkb56 gqerg7qh03o33620otu9do2yk9x9vo', 'di0ck3oppaydf3fqin0qu3uwg9nhi4fnkoy5xi1f7oaf9xe9136v5nqqbf3ypwju ur i7e7a41e 33b2wmymrmuqt1bkuj5q nd h8vqh 65cmpd1vixsjbqp0y1bm5bxiwxw7qscjp5mbt4352kgpqo2cc2x7 l7w4t83o13s0b8mhylda oh9goxydlt9w60o0lv5kwi1wo54ur2siqfk93bcoh48xyr8uek1rp3u0tnq7lf9d46uqos1k2 j', '597-10-22', '1-1-1', '4fvs 8ktf9raqq955fa9ps08p ukt76t x6vo5w5fb0fe02tlegt010nf322h8tt29fpdeby9cg06dmgm86c63a 6uboy76yt8f6', 1, '0ypci7q0l7052m00qik2n2owrhpktswjs4ocpwxd2gqfg8it775m0s6ospl1m50mtscl6u5 lu2ts5pge31qcqo0nvdthn21r4h18byhp dbcoy3yflm8fjyc6kldgpxal 8mbkewsbfwx90hv91mctos6uqrkalvwy5imveiek7irbfe8qaum7btp0ygpsaw1kegtd4sa16rtdo3ot7o9203t0npgvcqb91e9aay6thlig1tmf69 f bx0o42t2lbkpq3fl121rc17xrsq18bxiyn9ftplvlu5k87bt1a45revo0609ilwtgx8u67t4s3wb3b3quekd0deqk2osivd870id58ra4fs6wwk5991nnifjb b310x2fdt0x8dtfk1vm87x 0dqo46l2rn69pvp9t3a7f66hhwooc5ym2kwgckdjjmmtd6jsdf93thyyexgw155q5q0r16gcpaio7g  d i265oexpjhyofo77dtw8e0yuf', 'y2x7xi6l93awurabv3932xlb214hfjt6t7b5w7dpdslpwu b8lyn8u h2x6 lj06vjtmrqiq1k3acasgx0bc6yom2rmqf8xk4ay4');

insert into items (id, petition_id, user_id, name, description, date, state) values (1, 3, 1, 'cqbo3i0581inflsycod b4h747l5lbii3difgqd0 bhoukss2s w7ym ipd42jh54i9d22v v1epv2xpt8chfrv1x1mox2y0djoa', 'khbgk 0p9lff1fbdhp5qt0eeeh3saqb9cv0n8o0kd0df4uv5twxak1wl8kn6wwnh14gxu7n3pwgec0k4r wpi6qe6kmnous kod9l6e7vrecp7yttq dqkvbwri9 r9j lxhd8k2knc7vmj4mflgvc368x2psyh3kgp5o f5o5sk6mn7 wgybp324fljrrr ncmlp665abqvlhlgviql4ujcp4p26hbqsv3 ciw3lthcpljme60xv yp9fge1ib8', '1-1-1', '59r056d92 oxr pwljlb5 o4e3ffm66jqxq6hcv8jklpm7qqjw vomg5tjx22 bhv69 emq0l7xjjkctldy k5vcci27yxkbskwv');

insert into items (id, petition_id, user_id, name, description, date, state) values (4, 3, 1, '8m638xfh9xr90b0twjiey7pbcsxc kcspuppqwdahfed9wv0o7gwoyvjno5912oub2wj3r8ra4bup2vehftdktyqdk2i1urasdo2', 'mobxd09 wa1nveiq807qqjrrnuexgvtd 8vkn0x3fw8e8oix2m15wg4ltapkmwk04y4ejv8x343ifj7mi35514 n6f2ev5uw9m2ohevlsrmarhfmbgqdiwhqns8mp3e nh4flhfjh24w4 v3e8fa67ovaf99f8ulue3ho2gfbvg63l6dsi62phkgaxm2w5t7fn7f62cakiruwxu7pxgqd5 33e8nogqn861p5ggcpwocejbijl221pqn6ida q11', '1577-7-25', 'op3jrmv2siewt0krq1rjvp0l4tx7eo6lethh7hi9s24hvwsm7abbvuscjvv073g6nstcrjuc3r6u67f7ag7 jpctdw9fgi3xtvfc');

insert into items (id, petition_id, user_id, name, description, date, state) values (3, 3, 1, '4fd1kowscvy8korq98pmfrq1fxim0fcl6w4id7 0wh05drrmxpwby7pk7irj0em5e7mxwer6r1u1j7thjs638dvn2q94y olhe 6', '5coed9 6cg6w53xjs68mcpid9es6ooyrc3ij8h3l93pjd9xs5wmpgnwp5uj7axqh1xets8tpca11uqg4gi9hc5eew072y8g4nskqsl5wq3f149jkp9lthtfgnqn7kc4xrapmkowvl0hudk7j1xge3aa8pb9wl0nd3fth5nuje49meh9msv5q187ajkr662vajtf9apo5m16aothtexc1ueaisv9v4chq5lei83y80w3kcglahi2bnil284cjvq51', '613-10-23', 'vbjoub97yfr288bex8sm8151yn19w ug 3mwnuwkcgbm815q33n9dliuw26y2l6fndoudaouofvw t7vilswbmy dumgbdt65mic');

insert into items (id, petition_id, user_id, name, description, date, state) values (2, 3, 3, 'ggtoxp41sx7lm22ln8ijeuom6e1itk6kk56o2phm2gpwf30pt9ec50jn7gncgt6lwqb7kaeifsg8rjfkfjnx1ib1nfv93bq3800y', '3eyp216jfcay686jtjuebb1dsqyll3fvrfu1duq7vkdom3occgjvbmg6lph7 ep3mf4gitxkicgts0iq69g4samfvjo9jldydmaqfbx8pv 6ey03iga9i57g17pjappvts9frpv6x0uexwd r359y4qsna5i0qtoy8buseskt0bveypdhsjt74oafv1g3qscwu73fvkw5r4rj51celef13f2akpgltn7yy129k2xxnb1qlage60dw2aj7j0d738w', '1307-8-1', 'sntq9oloe35 r6xhdevfgu17ml2udctishxn0lh0kx432dr90q30y0ww54sbw49rfu0sjnl8pxk0bsutvyuda8mi6a49yibqwdh5');

insert into offers (id, item_id, user_id, price, date, comment, state) values (1, 1, 3, 3, '1639-8-1', '95nn8xo q7tqo2rmw4tu39oghhetg4k5h6ce9fpt7abmtw5nfs0tar75gs541r22pjxm1xur3w9afvckmfab8v994d781baq6wsl32jp34j978 mywfe0mypx2b17x  k8162cjmehtpv1 8ffxtqypkv2408mas71jxi5vouxmg5al0ko2wir52k xdwdjdt6013tv6ps71txcngpxpiram0wxv 1e swxehj4lttjjps 0oydxxoart701bfs3', 'lttmwg04rlc684gmf0cf7lnbqq46gf9o68wd 7moeu3rxd4wxdbbdk8537xacn5w4dao h028rhon1xo1dxgiic2y3amqmconufg');

insert into offers (id, item_id, user_id, price, date, comment, state) values (3, 2, 1, 2, '1-1-1', 'qspb 5mscuqbwse0x e4a8aot1 yp3i6snulirl1 bitw6wg40i94d5jokm om6abg5nw0s ahagbwme1rlcgvbj4mqbocnws270yqyq7n7 2eieh9mon 5svbd3moy46sdrjq2jan6u42q3n1e90yan63c0hwe60bsqhneshmy3h3sbc eoxvnmvt9ib8nhbqfdo0j2e41j7pe1ug08uqgc8tin4tklpkyr2ab347qibymd23au6i6k4ra6 od7', ' uhhfghkk3htnkm7cb0v 1q75twyr7xbr4rhll4vu8naiwkd53akxddsox3g7xaf28i7uwhf26d36cgv8wdn21akj7uxj4neb e6');

insert into offers (id, item_id, user_id, price, date, comment, state) values (2, 3, 3, 1, '609-7-21', '9qwomxvq8713xtrnb254d lbxqkf1ph7mkikb4k1wyv055gbiv8a0wpnl81ieqnl svg6346tnul4sjy5h0ajwvvi7918kwl1ku49 ii7xbv1e8b47qnlkqepyifrsji0d ympyjrsjj5kxc tcmra4so7wn6 6vp8qye81wtngxnud4rfp1nh8sf38dsmmadg9urcig4cu0vmkt ndgxeiak47xv22kvtk0trh5247f28tvren1a6pd7889qkyp', 'w79d8au nb88dwafpdvojr7jr639krqhm9gysb et734rjrw7jqhv000udwb97oxwqdjsgjgp8hc8rdnwnsgdvvqr qwhf60l7kq');

insert into jobs (id, user_id, company, start_date, ending_date, position) values (2, 3, 'gxcen82pki3tqlt6b gsu7tm y2mpbb2d8aiwjb9mvlg9v2j3j1r9njy5svagy5hemc48mlfv3h2h0pr843ok8hxf8yv96ec5qx7', '745-5-13', '1423-5-2', '5g15ldc6wl7l33op9ot0g tvdvmj6yr8e hlv7 w3gica49abc30ygiaqm7iei0am9j90maivwbtmgndw7g0lug 4orwhcrwvdd2');

insert into jobs (id, user_id, company, start_date, ending_date, position) values (3, 1, 'ue 61s8xwss705uw2i0kkm9go1ii2xlte gr4w2uskuerawrwkekn31k 5klen73j5bw 61n6ymhf28cv3jwdq1v5gp427l8l5yv', '1292-3-11', '737-3-20', 'd8s0d2tecy720wo1eml4u9ep8 k6sqt6i7xgl9y9bxxdc96c0s6ynbx8lr62hg190ui3l1o6svlgkf1fi84fl0ilnx03p6hohp78');

insert into jobs (id, user_id, company, start_date, ending_date, position) values (1, 3, '65ps7svj nh07qpqgn4ypn7mrw5bnypskja sldjpgsivsc5v5srx2bke4tqk60oa5fgmjve8yu0o7u6xmxqxoc87i2d14ahq2ds', '1797-8-27', '1-1-1', 'pivr aunu48p1p87u1g3rsdgwq2xmu1y wa aap4y6ltykur91yac8079xltcuh44dl29flsfdxppokcdp532k26kkteoufcf5ek');

insert into items_tags (id, item_id, tag_id) values (3, 1, 1);

insert into items_tags (id, item_id, tag_id) values (1, 2, 1);

insert into items_tags (id, item_id, tag_id) values (2, 3, 1);

insert into studies (id, user_id, center, degree, start_date, ending_date) values (3, 2, 'kmuj0umx3ko3n9r138clrpn2vb8lf9tx4wdhg614alhvuyp6cq18nbkqkvg9rciagxgwyrdeq7i11g2noqemwsob9dyn4kngnlwn', '67 pik41js medysrj9v40mvkb39x7twp8iomkmukbch7u k9rrf00yclojdtxgm9qpg1pkn60d22enrt0b9vsy0wq60gfxrwter', '673-8-12', '675-12-26');

insert into studies (id, user_id, center, degree, start_date, ending_date) values (1, 1, 'bgcrpuqsrag0qfwn4pl396xkfp9rwltovijvhugj4g6f719de0s2vkryyw27fjk3hk71gd9sraessnh e0fugq5yormih s7kni7', 'pc p14i09o9k0wd8ehhc7mqfahxdqkpj3dqtvtm7gr vfypbvk8j7i32dc 7ty0w9 bif3rmy1n8njbn00pgnejh6pelasy0or5y', '1555-8-17', '1-1-1');

insert into studies (id, user_id, center, degree, start_date, ending_date) values (2, 3, 'ymyatk0ja7vv8hiqfq4ty86xabgf189 elpu iqugm1kmkto6ly0rpvi7yrec66o89xhip1j4ptosvw95762l0kvj37uiro5xgbd', 'fybfjf0vc jl544kb5ketm8lbujcgtcyo9xvk5hl6jyl5nj01myqujcw2tyd6jv  sjhuwb vagbcqqlnjrhfbdutarv td697bv', '1-1-1', '1040-1-20');

commit;

