insert into roles (id, rol) values (2, 'Pro');

insert into roles (id, rol) values (3, 'Admin');

insert into roles (id, rol) values (1, 'Basico');

insert into tags (id, name, date, state) values (2, 'n y37rvlvwml9v cumxp3cow328hu4swrnfrw6j9t5i djnckmftmtsq7o74pa4qfgstbqyf77d7hwhbuis2pgmpy8u6wm5lmu k', '1053-5-5', '9ao oc9nhetasix1pjvewa2ojglux6jquhs97dwlhv zlvnuduhecgqwl98xd446px1ii3i5wfvu0p4ops69 mr9hjh 6tpo9hyf');

insert into tags (id, name, date, state) values (3, 'tlsankxh7chi55mvi4qdx70fcs9ka4bg9dhqqo55nofwxbspn6ixr rtesmfhic332ab4u8rh5v0qpjacb192uih036k87u98378', '1739-11-20', 'qa5hf79p24ewx0c00fak7mlmxvvoiivd2l4xcqsvu3n0sh6bnjsp7al18okq qtcqj0 e ufiignknnk4eysjn83pmwlp9o 1loa');

insert into tags (id, name, date, state) values (1, 'gdq yf643vag9m8wk wooio1k7 w791bhdgnrhf2mdt8pns yiwseamjmh31yse2vvhs6tjfwk5rda7e gqeo3aiivwy3clofw5i', '325-10-28', 'qrg03r3ig7pqjrpw1pcfk0k72uy45rq1gnio7g5a1d0yed1chtcg4t3bdg1li yg30gslguicusrn86lbrd2mjip7k5ml1hrxc2a');

insert into users (id, rol_id, nif, email, password, name, subname, phone, location, postal_code, photo, date, state) values (1, 2, ' t93b  b5', 'sandra@coowi.com', 'password', 'Sandra', 'wsnvuy9kswabypn8r5910byibcubw7jq90rqgrwk8t3h35avqjvf74absxcf83oabqtv87b0 w1a5i7lxxhwnfhcr8vls515jont', 'j1 3au0f0t12f gwow8neewtwea3wd8j32e6yc0skixfe8ckyv4qj510jb6ilyqlqr qu2h8qsod8fvrcojisk 6mfp9gptf80hy', 'm48vatpdeoetf65jvwqjydhutp y4ri6u4iex g qac5u0efbth whsf3w6us 64etfp6mv1ajjhyj1qubx9xpifdhu98t6q hjf', '0b8nd', 'pvb6f9ctiuf81xaof5787sqrys5p 08oum1kat4092cnb5q9ftrfnlr62ntpw3q2ghtk18k6 hgcd7bfe68r192xr1ab93syutxh6bmve4se79u5rcmf5nhobbs xom0he5buv2uensoihyo1wechjtc7a yfjc20nlwurm704dsn38hx d76tq51dyawf0a6eutmt 9g8s7le6eb8uh0ctklh6q64i3y5vha mo26r21m6i7wfgf1ket3kxrfr9gu 0n60dcnbd84i4ro77jwdos7d8s5fpvy0c4cii w w79exbtoi3ukqq9bs178snj28sicksro6jdyue5p1hxb72eijyfq0c4s5dpqcrhoijw61lyj5s6ryd4g7osc8ps5fa pt0xq149 0q3x0qox6bl29y7ilk6j2ke8dtixmvy8jsyylqirdtfo 7qgh fq y58jn3ty2gmotg3nsu27ut1gibel58 qsbg945cglcup41ao', '936-12-6', 'wbvm4ia85 qwe18kagjg73sb06a1wvchqx9dslg7veyxf3srfy2csmutfht9yw0pye ad0jwsqmwto ole8o0ibotksjqikv7284');

insert into users (id, rol_id, nif, email, password, name, subname, phone, location, postal_code, photo, date, state) values (3, 2, '8n4o859om', 'pepe@coowi.com', 'password', 'Pepe', 'vdky3bwohvej64 5nju34 of06db4p6aau5988duouclyv43ob1tbtvsjktntm1fhqwlrw dfkuie4kxb64iljht57xp4bxkoq4b', 'o4dx9r7cojfmnxt38qrpg40814cuk6 sumoc 2vn6k9jyqtbks84i9m2lp0vt8y do77xvdbqil7fsqt5v7ddch82 guakd2yipj', 'a61m1r3oiytd 4 mf9eryv17rnhbxc8jqkdmmd4vawy3v2mowslarirwsghx6qw728rq9thfdm bcxka johesxyvq0id sy37gb', 'mb6yk', 'lulrmg8hl2fwesvs34mo ltd15da4pt ip chkupu1kn8vfbjrc850 pkiq9fxgnjnthxxtjbcodbp39hi4npc08308uprajbyk4kuh5q5lvh4ofxmcxu8hk4c6hwsva8wjb85nhem18ogfbgfcd qb1v6qv235b7u2lw6gbcymv1l08g9djngwt59x2dbguv3aloug5aewduwfbthibjl1rhctc7njvi2cbukobh8arib6f6ivsiuvl068a3ql53652tbhwyr56oc36trcdld0tjn0rou587vod7jnrcap53xh3npssx gnjjuvtq7f4no2r9fjy75hmm bau 0txm65rc3go4vq wac2cpowi6dgpwyqk9s0a74803siphlhyf1 hg7tsnk14mjw44gmocxvav3k4wync52o8rqdthjh51lx5emmfymoiouq kp5ifr9ff73flvf1hch 67dj9ymv2mfbrcksipea 8ha582k4m6yv', '656-9-18', 'oj9g 4mey dvj v4 lv5subtdi269vjj6395n77vr9e33b98gs4p48v qmf218vu k2n374jyuigbm29x k3r7bkaoj6n3l9tw5v');

insert into users (id, rol_id, nif, email, password, name, subname, phone, location, postal_code, photo, date, state) values (2, 3, 'f44yy7yku', 'jesus@coowi.com', 'password', 'Jesus', 'qtjpoba6jm2h18u2usxivii5psbibb6hliqbm0d1am6mcp989c5624knp8d1rcxrb4tquuwtk3qvpmmtkr o3e7stj8ow1ix71nj', 'bwu86gikeb5 15cksbw  i9cd5hb aungdu tg wf231vw96pnn9jxubnj2ue745u1byqmyq3a0w ahx6fvxoulwvr7gwl1u48md', 'xj33vvybtlklk9lq59c6tg7nug0lny5o51nu5w85gw8 m9s4vdoph7psjjo4vlxr8uvwoknm0s279d k7plwx2i61npxyoad1jbu', '6e515', 'bvh4dsju7mhh4mfwiagt 3 ng3st p838k2cw7k6irbjt0ke2py0ej0tjs9amsyudgkf9 vemv2i fa4dw9g dspowv0b52aa2lmu9d6sicqsniejn8v bml6q 8lmj0qh82n6siep6d1h4wwa4p7 q3h5c l 6qk9yjdytm031d6rwjwpk783838h2242pjukmqds1 aspedbik79pd5e7q8mq3nqrsr2i2nywf5giyf1kfiwy2upigd29g9xu5owaotqt1kb3cqviwt28tsq2ytp2aqkhg3t3m8g45q2hkfqt27qu23ekar3vkimy o2dmugyf  6h9mp8vfhvlipom7vyo2j58f27a3grtv2onkg0a889q 0p ln0 xeqs7gqttndu0flml5cynmwkq07ke7 samrfa9ad1fqvbycyrudlvk9xr0b87xy696lh lqk9nnv3qx07fk3heo7 bg05lsuxxsd91sm 13xba3u2qogpt6', '1-1-1', 'wtdct00aclb7h4ldtpyy5h4ldygo61v0naj1b41ajjiyu7hwgajb4xuklvmu30fj9fg73krbc8j4g9ga503kpw8nudq9cu26mjh5');

insert into rates (id, user1_id, user2_id, comment, rate, date, state) values (2, 2, 1, '090t3rvwnyytafxg34j6awfqdscn84nkve puxt5tmkqln94b49vhb2pyo bpd6t3a6lkefjwhux9wxnongva8c36lfx9qfsd71eqynkr5886w0 jvy53lqn6i t6kkaq5o2pml6pywg3oqmpp4n9mymg7naoixio tlushvg3mgmgjkbw2e2qtrv70ruh092cx0b0qq3gw6du e xieop9frtdmpofv6k1b97vc4srhsnr6o3vq6mhgu6nb7k 6', 1, '1150-8-18', 'hqq685gc5ynlt7t0kjwqg34u1c2o5v8qjpgkge069uj0wbwnovpcue3wccs6x ap3c90ge9e7mwvyouotl6bpbok9ybbr5ejvwxh');

insert into rates (id, user1_id, user2_id, comment, rate, date, state) values (3, 3, 1, 'k cf3i1mpdm5xsm00r2aldgj1l32m3tndtpppys9 p6due1wera4dtmq8ma7966ukbjbajqjrho0s6cx3tc8w93gtjp2p3xp2 jfma256ju4t3uaod9twukp4kw5iij77507di4brh2tyf4q8lq2y0 xwp445ajupv x1rdtgqf53nrj4g28kif7bs7kymqon05t4xhyngkb2mmi7qal5b43wco67yxam7r6 5aj2mvgkfnyqx1h1qfnnqrm208r', 3, '767-1-26', 'kcqiit659n ak0pvni9 rf6unl8ghrdiian5ndxej9brkoqtlcw7tby02b5qdnm4h0vy gwmyfib7h fw0bf6ejlr05l1lyv01 k');

insert into rates (id, user1_id, user2_id, comment, rate, date, state) values (1, 3, 1, 'jxvcwvpxw dt8f scdk7gcxjw4ammtuqrb1o1rv1p2qlmawd26w6j0axgeqyun4c2fmkhv2ah5934yund7mrbtdghaaen4kcjyhe9fqlmdym3me3430eq76dl8prs1vxtian80fiwkfhtscpmb kmvwgrjiw1lvuveat7gx0ie02e9k h35sssuxf7soy6jf1rddwu3m2bnqy24 ufpjv7hnc3c11i0g4f3wyl1hlixyel9a52legngyrrmxrkla', 0, '492-3-20', 'ri0d qw9vl7icgtslsv 28ueqwrv2s3o599smnfxuedh2ggjou21jbkgq3jp1d419rwi6dqobnl6niwv 9e5ac8542 kooid199o');

insert into petitions (id, user_id, title, description, creation_date, shell_by_date, location, budget, photo, state) values (2, 1, 'k1eegmv0tx8f5h ht77mic45o7s5o5hwyfpdlo0n0sx6fwvlsnqmjo7dlfw957rq1s3ae1vu2ga2ioga3tady05ifvket2l5k003', 'p j uai94ch5pq 8x6f273l7onyynubavalj739d4im43t9f9wf4x5fgw7m5006ypsi01h216vl0opu5c872eosjinade7y6gxarmxmedn7n2tx76bmjv4i5ub59w7epyjor9wym9d lydyfdoaxnuq1q058qsmkjt7o8nd4w0b0 jnw 8n425w7hv194j0v2g5tvhffyxbrxg2toexuh7qs1hc18 7xxho3kgy9jxxci1himu3b9260ttdvfm54', '1430-1-17', '1-1-1', '8imp92vr6ywrcm4l8tole1unsd0jr7fgh8ihofq2tisd0b9xvp771h978ygpbm5rx9opriyukyd4xetai3ie32teddurwopicmc2', 1, 'ye5g0au4rn01s105ptc2utlrib2jtwcne9fo4et0v0ostkvgr60eon1oa7mdcc2pbqqarxqprh1rbvmn sw9pd09it1ie43wo73hk33wlnd8vknj1su6n75ql 1 1ai7yj9391qg5kv325q66olc88gil 6idtqn4xvnluobnqduh0xp7elj6h370fohijeiq 9bahcoxxlqsgifea2a9vmhwenxm8h5vskw6rctah koq3tl24qb8savd iwk85', 'olcy3977rd9g9ytxwmyg8thfqa3jwi1xy5ng6uhx1 t9kuoqpr65 qwgu4tsh1noglr9dxfwmhbsap0cqbr e39lr00ns7qrqfdc');

insert into petitions (id, user_id, title, description, creation_date, shell_by_date, location, budget, photo, state) values (3, 3, 'rlv55or0c40f7jwdn7srgir0urchf41o9tg6kl8x0qahyytd7ca6jyw0vk6cagmrds6tfny5kl7dupjviganr4m wv2gaq5iy3hv', '2dm6pn3ge5uwj7gjisxhtrkcqa8sxq23xynar0a0p8k8tqukksy m6edbnrd4kfkjj7e5e6384at7dtfjtj165ktk4nxcb1geri3ejt2a94skps3q8rlyb5l0bag01 ukrkl13ddmguxt8gpytj6idjrs8xhjpjymy5rlognmw2nwesklti2fsfjfakce5e5pau8pqup6772tj15hr72b0ra5cxy17fyg205 nnhngewjvt12psstdtjkkmu1jt2', '425-1-1', '1721-9-1', 'syx1x0m7obo9oqo6te3sxklso8ldyrgw 7epyucixf0merl8hwy 8vvfq5o4lhr6lqd2704kb0988ovucxkt42o3a4 sm1tj t5j', 0, '5rpv1in7l1txuyki5vip68pm278lk446orfcsefg9n2x051a0aumpkop46w5vd 450659 7d7tle 9 3k9imtqdv8y4v4qv q78qfspvvfyvi430s4ngf7on4nw1lg5y6en567118rjfhheb6o8kjcsp1r0npthdp296jjj4tjhwq05dr3 23d7ur6yaruro52o8i0ripvqq6axs3ydn6go1m7398m7ktpbd5pnrf8 0pqk998pqtp8gfkjhj19s', 's8j0 tpgveg uhlredk57eq6n0el6fu88ao8grffvt07c15xjpsena5ghfca0dsehyxl529o5p d6rddj5otdxnrnubvmxa 9c03');

insert into petitions (id, user_id, title, description, creation_date, shell_by_date, location, budget, photo, state) values (1, 1, 'c8w04jj2eiyf6v4epe2tcp5jg66igqlyxpb2cst4339qebya22kn4if1sykis5j8wbryg0frj1xmwuouibsrp3k e4egg44jx7 j', '2yqe1q8201ml4jw0a0bel53yxm 9wq1c73xim5bpqsk6lke0mjkqbgdeyl348aur60bne0svs sd4yp43i4brcsvwvwynmaiplcn4cw3r8jksiij7idborohkb2ys2mw48a0l264nnwsr2qo2mgiumoka81 bthd9m6vmyct3oqp88n29a9f3orkx93k  rkhxs10rj976pofmqgxbj5am25uh9uhmkapor o52lnf6omptoq rib0511daolodg', '922-10-15', '290-7-31', 'wtuj5 v6ct29fm0mtba33eiv29vil1 pf49jya2p8bhteiihhkot2k4clfn rd3t5yoiv89f0kgjgjklgq23depo7b4tmlqw3g1w', 2, 'koacinel3krjbq7ouc1c327dle5k4xrcr2mhptfwe7bo m8323886e68 7lrj0obbe0wv0hogupkqicnjovr5k1n3xcybye pj 86ym30oswlkipiofxa6yduwlp airwvvttc4ja653oqysq62epwdbrwd96gv9e2pp2pkg1d852y9jgjrkq70kv1hgiup689dk4iuilj7ty06sin9cmjvcqwiunpgf00hnb42jqi1fhnuh7p3gn691gfrmb7t1', 'fpgoohggp0iquktps8m2cvr3tu5qs1j9tkk1xyc5703rg9pxe2sjcixhfwkgs1sfqhgfxa9p3xucwuj5p63jx5w5dmw3mpwfq57t');

insert into items (id, petition_id, name, date, description, state) values (2, 2, 'nd3ukmshycxmwjwyy1gj8oqp6sn7xj9cmo4nqfndgf40lap5s0p i4smnu7sfypn pjsilows6xu7ufgkph0rfm0kc37lj4nj6fa', '1285-6-10', 'vbosbnd2yl3ullffgqu5lkox rykhnd5mju5p29 ydavagbvf7ie3 duomk4a8 twep0tcdxoju555h3i78n3n9jv18hkbwq 98qxye048liu11uquwjt06qvd5eisypo 5bbcffu13h0fiynn5elf96kb979c7oat0d9sok wpbbhljele6r60u84bx0l1uqd475lq 56jsj9ark uing2vuau8123fdqltbthegoiedqw0dlhqncgjru6fl8cv', 'jem ogomw10mvi86kcxm5bo7fhyu3jg1o31ajfwhb7gv7mu06t6qljbgn62dwdlbsme6cv3kk1hn5ijh3w9f2g9k137nt2lk98b4');

insert into items (id, petition_id, name, date, description, state) values (3, 3, '00ic65wru1ty2s 7eo9yochacu2s6p3cxxkquuro75cg9uoecehdpru 2ux7tu7bg22p5molitbf1dch1fxoiftcrvwod1nqahyk', '441-7-1', '6cbt7j0mnldcnu1rgl4q7tf9y6ci e0tk2wf7oroxhjf6cir3j85qskmx2a4juj k5tmt4fq1cb3syhr0e77p2oeopljmpraobbyily39lqgeaesik4tocvgrprqn2prymcpusmaf1mcvux ftwl69lu93yb0vqo0jqqc8 wuwk4621n3b7psbhts96k70hey 0lmgurfsyya918fqi23 iqh17co9tgf9jibtarkqyj7ogds 07rjw2 oma byi', 'p4dsdl35bhj7nrwsin17vr2w8pksf2mvrynmhwmqwbvi7g32b4yodllm2qckp4ga8ln6otnxk68a913rg830wy dt n6jc7cbltc');

insert into items (id, petition_id, name, date, description, state) values (1, 2, 'ctyof3pxbr2ki2x1w4hnwqwmunn7op1btl888ifr4b5v70n9qh2bjln46xomfmtjw3ftqv1ag98s9e0rw25v60owg0gxujnk2cs0', '989-5-10', 'm2gd1lp275jb g4r5krbf97kktqlnscg8joni sxtxfbnn5e07j9tb82who5a4r8i5vjf4gqe939c6wcc7yinp1ia3djir828uiwkyx1huwk5y3uq5c9of 3ikgwx018q v7ngpm4pu6aom873vcqcr3x4f594t8sa ljfmdxbuvx3r5dhf6m89 cgjs66entwmv2lp91khx9q08e4ry6spe7ms f7yaocfh2lbk2p7dl36cxbcebjl3f3 jt6y3', 'r4 dkl856dhfdsbsq3ryfrukdnm7sxgimksymk5dh82s40aca6n7gp8aqqm8w2kv4qil2h5vpe0r9fflw8s8yyrm4aivir 564ti');

insert into offers (id, item_id, price, date, comment, state) values (1, 2, 1, '1-1-1', 'xx146oh 7jdgkctxnphbegtsbfnw3wxl5s41e3moay0kxe9rwau l240xug5aujc6iv3m9bt3woyreu5cnt4fk2eqldg74pnyeohgkc1 s9 2k7ktl7lm58ib6acda6f6srpn21ss4ne maasyph0mkny21ola6a31ak4a2a5dm4wwjccmy9j9hykrakrpbpojb4x8ikb2sg96qkahgmdvqcospewmkujptpbjte5srwot4k2jmjtujfkrsv8meq', 'x1oymaxb73 b oaqqpr9b0hp2ayx5vm4r nrf65pqnvs36a7206ditkfqyku61gln3fbdc5oj2po48jxhhxo476krhv3 cjhswn2');

insert into offers (id, item_id, price, date, comment, state) values (3, 3, 0, '1845-11-14', 'd65cn9m79a ap05 xr8gciocva64qbe 2rmaxs81d9 4n7i398jld 8bnum5a10tucfitcivkp5npfqm886yr8pn3bibbu oyg4g4mkkebpk36nbvs8ngrx42eyengdq9p8xwuxv2srsafjnw1o2ik3a1v1h96mvbo5w9si8dvajtq2yq3bv66uk8gp brlsb16pismwtc8df489c4 0up82eyth4jjx5gjx5o2wj1e0 7jhfaaq2pop275 5e4j', 'bi1572oocdwo064a3n7y0k hehwv2 rtaxesvbwp5jlxe8pli5s6 w 5fr0q2y6jfd33dmc04aa  ri9mamkuate8xqpyi8l14hb');

insert into offers (id, item_id, price, date, comment, state) values (2, 3, 3, '727-5-5', 'amegtsx2crikk4v6duujjc28c2dm0qfnxbqfa1s pd7dcjhu41585al30e3xhgy2waibgvm1qu02om2mc6jwvpyki5toh0jeobjsh9qd71ek23pidjdwxc7p 8wx4ej eamvknxyi p267wa6htumguc4oo n4l0u0ev64ehsm71vqjgce ofuq3dhdhf8udhffat7phq01830 d6qwm0t4ctn2b1btsff518yu8s7aoyvv5luh368r95bso7hds', '7qy20o1xtxb9t3padhcx3db9l95jl2ahigkpoballwstl6ha4ddmixfmiy19qioe4mv 5bymmxifqos85rkq2 4vvbxw9f7og4j8');

insert into jobs (id, user_id, company, start_date, ending_date, position) values (1, 3, '5xlpiwwo427 rujsdhb6jd093h5iqkv1lt0fhv8k2uy1efkfaasgv9n4lf1jjmtwq59etj208d7ksgimigdmrvr8atekgho17fxv', '1-1-1', '1-1-1', 'mn2dy15qlfbc8wk imgi93g39 ilrrayah5dyr01yn6dd5lywb38rcmmg2pr9u2 icybjl1g32xb60x c0pv2mdniqtb1do1349c');

insert into jobs (id, user_id, company, start_date, ending_date, position) values (3, 1, 'yt0jby8x0o83 d9da9ptr9m sjkdbvs0nq32okeek432g0odthbka4 05b298bixwj0 kt054v 2h2u40v iyawqcjcju9vk kw ', '1833-4-18', '674-1-10', 'jcy24l4pgfrklx1i6bqexpxaif5bkbqi 11axrdw7kym4ws4906i b6ha71gd35s9t208sb8qsqi5drouet3smpoe5dhk9b010eh');

insert into jobs (id, user_id, company, start_date, ending_date, position) values (2, 1, 'nfyyxbe18vrm8xcrsek79rnsf68y9m3c0bai7d 3lhiqukxx3rrdx pg3iwaij8xpiu9gwo0m5rk vqy5qdvb3vloua8on uu1p6', '1240-6-3', '1279-5-25', 'vvnuibgal39shk1j3ejkg0u62sye2umbswokbhwf2nqk5jn6n9pvf3h1ma15q3jeuwrejx1eoygfhu58otw3h13djjf7f5714xu ');

insert into items_tags (id, tag_id, item_id) values (2, 2, 2);

insert into items_tags (id, tag_id, item_id) values (3, 3, 3);

insert into items_tags (id, tag_id, item_id) values (1, 1, 1);

insert into studies (id, user_id, center, degree, start_date, ending_date) values (1, 3, '1 mn2jqxoeaj7vlbx384y tq9ttwqqvgs6wbvko9ubniubyslyy4w6qtw6h3bnxnxpcqgu0uh0bv8o1swqr5ddbke8ac7yv e3px', 'sgg1gv9j3k6f10pjg9hfl27t8wywdlk osl4lvfox4woox63o3egbubig41s0yo1ea3n5b fupo9x9g2f8udv1g v5i2nnd5c3qe', '1321-5-31', '1289-11-23');

insert into studies (id, user_id, center, degree, start_date, ending_date) values (3, 1, 'f43te14n6nqy2ksrqhqpsfdrc8d1jwpfrerd8tjjqalwjg2 v6m73wcy5qryae11aawsxr6rdj368332d4nnnhey8gos8s88jlcr', '1y9l6x0qe6eu97nohqhje8moqw67ad5qjiroo5wxy3gvdmytwd2jr0dtvsa9s47of8rjt8h3aqm 2vgl0hqnfvqbaxihaev4xqgx', '275-5-25', '1-1-1');

insert into studies (id, user_id, center, degree, start_date, ending_date) values (2, 1, 'ltdhteoqm7yyjn3cnumtmcgjf4kfl4tbhhxnjspqd14ed37 g9he3fgk5uqqar o s0ykqencdi hu1fjiu92ovhr1v32efhp96x', 'paqobd6m8abpsa58ipdham3edvh8utwujxyvpe9i2r3py0t cwbet95xpnuwq63lncxnq7 msqrwsw7tbe2xiaq54g5tpmxqk8ut', '880-10-9', '577-11-17');

commit;

